{"cameraMode":{"drawMode":0,"name":"Shaded","section":"Shading Mode"},"sceneLighting":false,"audioPlay":false,"sceneViewState":{"m_AlwaysRefresh":false,"showFog":false,"showSkybox":false,"showFlares":false,"showImageEffects":false,"showParticleSystems":false,"showVisualEffectGraphs":true,"m_FxEnabled":true},"in2DMode":false,"pivot":{"x":2.084850311279297,"y":1.9625303745269776,"z":0.2991189956665039},"rotation":{"x":-0.010121523402631283,"y":0.9896886348724365,"z":-0.09081011265516281,"w":-0.11030885577201843},"size":5.336552619934082,"orthographic":true}