{"cameraMode":{"drawMode":0,"name":"Shaded","section":"Shading Mode"},"sceneLighting":true,"audioPlay":false,"sceneViewState":{"m_AlwaysRefresh":false,"showFog":true,"showSkybox":true,"showFlares":true,"showImageEffects":true,"showParticleSystems":true,"showVisualEffectGraphs":true,"m_FxEnabled":true},"in2DMode":false,"pivot":{"x":2.8534069061279299,"y":0.6840669512748718,"z":-0.9360983967781067},"rotation":{"x":-0.0001664143055677414,"y":0.9984558820724487,"z":-0.0554712638258934,"w":-0.002995376707985997},"size":1.2104694843292237,"orthographic":true}