{"cameraMode":{"drawMode":0,"name":"Shaded","section":"Shading Mode"},"sceneLighting":false,"audioPlay":false,"sceneViewState":{"m_AlwaysRefresh":false,"showFog":true,"showSkybox":false,"showFlares":true,"showImageEffects":true,"showParticleSystems":true,"showVisualEffectGraphs":true,"m_FxEnabled":true},"in2DMode":false,"pivot":{"x":0.0022118091583251955,"y":0.8107778429985046,"z":-0.002731040120124817},"rotation":{"x":0.002910926705226302,"y":0.9970846772193909,"z":-0.05539509654045105,"w":0.052394986152648929},"size":1.4129663705825806,"orthographic":false}